{"cameraMode":{"drawMode":0,"name":"Shaded","section":"Shading Mode"},"sceneLighting":false,"audioPlay":false,"sceneViewState":{"showFog":false,"showMaterialUpdate":false,"showSkybox":false,"showFlares":false,"showImageEffects":false,"showParticleSystems":true},"in2DMode":false,"pivot":{"x":0.0,"y":-0.28558602929115298,"z":-0.01051260530948639},"rotation":{"x":0.007898664101958275,"y":0.9845554828643799,"z":-0.16881301999092103,"w":0.04611332342028618},"size":0.23140199482440949,"orthographic":false}