{"cameraMode":{"drawMode":0,"name":"Shaded","section":"Shading Mode"},"sceneLighting":false,"audioPlay":false,"sceneViewState":{"showFog":false,"showMaterialUpdate":false,"showSkybox":false,"showFlares":false,"showImageEffects":false,"showParticleSystems":true},"in2DMode":false,"pivot":{"x":-10.40999984741211,"y":-4.3536577224731449,"z":12.081587791442871},"rotation":{"x":0.017864558845758439,"y":0.975648820400238,"z":-0.08687542378902435,"w":0.20062042772769929},"size":0.22333687543869019,"orthographic":false}