{"cameraMode":{"drawMode":0,"name":"Shaded","section":"Shading Mode"},"sceneLighting":true,"audioPlay":false,"sceneViewState":{"showFog":false,"showMaterialUpdate":false,"showSkybox":false,"showFlares":false,"showImageEffects":false,"showParticleSystems":true},"in2DMode":false,"pivot":{"x":-10.63998794555664,"y":-2.6995255947113039,"z":-4.191242694854736},"rotation":{"x":-0.05140599235892296,"y":0.9433605074882507,"z":-0.17489008605480195,"w":-0.277288019657135},"size":13.051657676696778,"orthographic":false}