{"cameraMode":{"drawMode":0,"name":"Shaded","section":"Shading Mode"},"sceneLighting":false,"audioPlay":false,"sceneViewState":{"showFog":false,"showMaterialUpdate":false,"showSkybox":false,"showFlares":false,"showImageEffects":false,"showParticleSystems":true},"in2DMode":false,"pivot":{"x":-12.491483688354493,"y":-4.460212230682373,"z":13.311588287353516},"rotation":{"x":0.017864558845758439,"y":0.975648820400238,"z":-0.08687542378902435,"w":0.20062042772769929},"size":0.5028736591339111,"orthographic":false}